{
  "config": {
    "data_root": "/tmp/imagenet_synth",
    "epochs": 10,
    "batch_size": 32,
    "image_size": 64,
    "expected_classes": 20,
    "strict_classes": true,
    "train_subset": 4000,
    "val_subset": 1000,
    "probe_batch": 64,
    "log_every": 1,
    "lr_fp32": 0.05,
    "wd_fp32": 0.0001,
    "lr_hgq2": 0.03,
    "wd_hgq2": 0.0002,
    "init_bw_k": 2,
    "init_bw_a": 2,
    "beta_max": 0.0005,
    "output_dir": "result/explore_synth"
  },
  "fp32": {
    "final_train_acc": 1.0,
    "final_val_acc": 1.0,
    "final_grad_ratio_first_last": 0.6462191195562406,
    "probe_layers": [
      "stem_conv",
      "s2_b1_conv1",
      "s3_b1_conv1",
      "s4_b1_conv1",
      "fc"
    ],
    "grad_history": {
      "stem_conv": [
        1.1765499114990234,
        1.1250718832015991,
        2.28635573387146,
        3.3832545280456543,
        3.617269515991211,
        4.470810413360596,
        4.4618964195251465,
        4.635497093200684,
        4.6432342529296875,
        4.639290809631348
      ],
      "s2_b1_conv1": [
        1.1504515409469604,
        1.337066411972046,
        2.0343382358551025,
        2.311563014984131,
        2.655637502670288,
        2.285006523132324,
        2.253758430480957,
        2.2971532344818115,
        2.316804885864258,
        2.3211326599121094
      ],
      "s3_b1_conv1": [
        1.1073535680770874,
        1.8476842641830444,
        2.336179256439209,
        2.4338645935058594,
        2.9393303394317627,
        2.660815954208374,
        2.656907081604004,
        2.7152743339538574,
        2.744055986404419,
        2.7521345615386963
      ],
      "s4_b1_conv1": [
        1.5637540817260742,
        1.512219786643982,
        2.306925058364868,
        2.6473188400268555,
        3.256298780441284,
        2.9056272506713867,
        3.2086849212646484,
        3.4708104133605957,
        3.502751111984253,
        3.5121004581451416
      ],
      "fc": [
        8.617592811584473,
        6.716297626495361,
        7.624201774597168,
        5.978505611419678,
        6.547403335571289,
        6.5275068283081055,
        7.198418617248535,
        7.196122646331787,
        7.180856227874756,
        7.179129600524902
      ]
    }
  },
  "hgq2": {
    "final_train_acc": 0.0439453125,
    "final_val_acc": 0.05000000074505806,
    "final_ebops": 745552.0,
    "final_grad_ratio_first_last": NaN,
    "final_mean_bits": 3.8326385021209717,
    "final_min_bits": 0.0,
    "final_pct_bits_le_1": 0.04290846559107986,
    "final_pct_bits_le_2": 0.04290846559107986,
    "probe_layers": [
      "qstem_conv",
      "s2_b1_conv1",
      "s3_b1_conv1",
      "s4_b1_conv1",
      "fc"
    ],
    "grad_history": {
      "qstem_conv": [
        0.0,
        0.0,
        0.0,
        0.0,
        0.0,
        0.0,
        0.0,
        0.0,
        0.0,
        0.0
      ],
      "s2_b1_conv1": [
        0.0,
        0.0,
        0.0,
        0.0,
        0.0,
        0.0,
        0.0,
        0.0,
        0.0,
        0.0
      ],
      "s3_b1_conv1": [
        0.0,
        0.0,
        0.0,
        0.0,
        0.0,
        0.0,
        0.0,
        0.0,
        0.0,
        0.0
      ],
      "s4_b1_conv1": [
        0.0,
        0.0,
        0.0,
        0.0,
        0.0,
        0.0,
        0.0,
        0.0,
        0.0,
        0.0
      ],
      "fc": [
        0.0,
        0.0,
        0.0,
        0.0,
        0.0,
        0.0,
        0.0,
        0.0,
        0.0,
        0.0
      ]
    },
    "bitwidth_history": {
      "epochs": [
        0,
        1,
        2,
        3,
        4,
        5,
        6,
        7,
        8,
        9
      ],
      "mean_bits": [
        3.9210684299468994,
        3.8368608951568604,
        3.836055040359497,
        3.8360531330108643,
        3.8345580101013184,
        3.8333678245544434,
        3.832639455795288,
        3.832639217376709,
        3.8326385021209717,
        3.8326385021209717
      ],
      "min_bits": [
        2.0,
        0.0,
        0.0,
        0.0,
        0.0,
        0.0,
        0.0,
        0.0,
        0.0,
        0.0
      ],
      "pct_le_1": [
        0.0,
        0.04210341843831805,
        0.04210341843831805,
        0.04210341843831805,
        0.04210341843831805,
        0.04290846559107986,
        0.04290846559107986,
        0.04290846559107986,
        0.04290846559107986,
        0.04290846559107986
      ],
      "pct_le_2": [
        0.04210341843831805,
        0.04210341843831805,
        0.04210341843831805,
        0.04210341843831805,
        0.04290846559107986,
        0.04290846559107986,
        0.04290846559107986,
        0.04290846559107986,
        0.04290846559107986,
        0.04290846559107986
      ]
    },
    "ebops_history": [
      1162465868,
      329883216,
      247584464,
      247539536,
      151625936,
      63468304,
      745552,
      745552,
      745552,
      745552
    ]
  },
  "num_classes_detected": 20,
  "val_acc_gap_fp32_minus_hgq2": 0.9499999992549419,
  "findings": [
    "HGQ2 val_accuracy 低于 FP32 95.0%，深层量化训练存在显著性能损失。",
    "HGQ2 所有probe层的梯度范数为 0 或 NaN，网络梯度完全消失(dead network)。",
    "4.3% 的量化比特降到 <=1 bit，存在位宽坍缩现象。",
    "最低位宽降至 0.00 bit，部分通道几乎完全关闭。",
    "EBOPs 从 1162465868 骤降到 745552 (仅剩 0.06%)，计算量几乎归零。"
  ]
}