{
  "config": {
    "data_root": "/tmp/imagenet_synth",
    "epochs": 15,
    "batch_size": 32,
    "image_size": 64,
    "expected_classes": 20,
    "strict_classes": true,
    "train_subset": 4000,
    "val_subset": 1000,
    "probe_batch": 64,
    "log_every": 1,
    "lr_fp32": 0.05,
    "wd_fp32": 0.0001,
    "lr_hgq2": 0.02,
    "wd_hgq2": 0.0002,
    "init_bw_k": 6,
    "init_bw_a": 6,
    "beta_max": 1e-06,
    "output_dir": "result/explore_bw6_stable"
  },
  "fp32": {
    "final_train_acc": 1.0,
    "final_val_acc": 1.0,
    "final_grad_ratio_first_last": 0.315568936481717,
    "probe_layers": [
      "stem_conv",
      "s2_b1_conv1",
      "s3_b1_conv1",
      "s4_b1_conv1",
      "fc"
    ],
    "grad_history": {
      "stem_conv": [
        0.6591918468475342,
        1.7336772680282593,
        2.092660903930664,
        1.5035815238952637,
        1.6083883047103882,
        1.837943434715271,
        2.3048577308654785,
        2.5081334114074707,
        2.6155216693878174,
        2.5911290645599365,
        2.601285219192505,
        2.6084485054016113,
        2.6045191287994385,
        2.612358570098877,
        2.6142752170562744
      ],
      "s2_b1_conv1": [
        0.9459323287010193,
        1.0619161128997803,
        1.5161693096160889,
        1.8394542932510376,
        1.8356481790542603,
        1.6161214113235474,
        1.6857651472091675,
        1.7113368511199951,
        1.663556694984436,
        1.6902402639389038,
        1.6954344511032104,
        1.694169044494629,
        1.692365288734436,
        1.6917195320129395,
        1.6928263902664185
      ],
      "s3_b1_conv1": [
        1.0384891033172607,
        1.227009654045105,
        1.5219779014587402,
        1.7529271841049194,
        2.127197265625,
        2.001797914505005,
        2.0087220668792725,
        2.045664072036743,
        2.0250244140625,
        2.0564842224121094,
        2.0688462257385254,
        2.072523832321167,
        2.070701837539673,
        2.070479154586792,
        2.071471929550171
      ],
      "s4_b1_conv1": [
        0.8832828402519226,
        1.239225149154663,
        1.3171665668487549,
        1.7733389139175415,
        1.7674064636230469,
        1.7509969472885132,
        1.7198020219802856,
        1.756876826286316,
        1.747231364250183,
        1.7703226804733276,
        1.7725425958633423,
        1.7724876403808594,
        1.770310640335083,
        1.7697651386260986,
        1.7702542543411255
      ],
      "fc": [
        7.703186511993408,
        8.456718444824219,
        8.424206733703613,
        8.877025604248047,
        8.958956718444824,
        8.567695617675781,
        8.248985290527344,
        8.275233268737793,
        8.231022834777832,
        8.289384841918945,
        8.305756568908691,
        8.297924041748047,
        8.289392471313477,
        8.285847663879395,
        8.284323692321777
      ]
    }
  },
  "hgq2": {
    "final_train_acc": 0.999267578125,
    "final_val_acc": 0.9940000176429749,
    "final_ebops": 6367395518.0,
    "final_grad_ratio_first_last": 0.74921235777905,
    "final_mean_bits": 8.047572135925293,
    "final_min_bits": 0.0,
    "final_pct_bits_le_1": 0.0008719632745156025,
    "final_pct_bits_le_2": 0.0009428156387255064,
    "probe_layers": [
      "qstem_conv",
      "s2_b1_conv1",
      "s3_b1_conv1",
      "s4_b1_conv1",
      "fc"
    ],
    "grad_history": {
      "qstem_conv": [
        4.290706634521484,
        3.4219610691070557,
        4.235103130340576,
        6.773279666900635,
        5.286514759063721,
        5.222427845001221,
        4.414891242980957,
        4.856401443481445,
        4.4509477615356445,
        3.11759352684021,
        5.029691219329834,
        4.914205551147461,
        6.019730567932129,
        5.761813640594482,
        5.906071662902832
      ],
      "s2_b1_conv1": [
        1.486070990562439,
        1.4375336170196533,
        1.6979223489761353,
        1.3361729383468628,
        1.9528636932373047,
        1.8040034770965576,
        1.7477376461029053,
        1.8678770065307617,
        1.606627106666565,
        1.2559951543807983,
        1.5032310485839844,
        1.2458629608154297,
        1.328102707862854,
        1.3535029888153076,
        1.3535548448562622
      ],
      "s3_b1_conv1": [
        1.8735798597335815,
        1.7238044738769531,
        2.1625168323516846,
        2.167559862136841,
        2.602424144744873,
        2.556645393371582,
        3.0293376445770264,
        2.5885229110717773,
        2.530693292617798,
        2.2315659523010254,
        2.305938482284546,
        2.1943559646606445,
        2.2720718383789062,
        2.295064926147461,
        2.278324604034424
      ],
      "s4_b1_conv1": [
        2.172628879547119,
        1.944109559059143,
        2.6987929344177246,
        2.971316337585449,
        2.6365485191345215,
        2.9584338665008545,
        4.532154560089111,
        2.767484426498413,
        2.9847660064697266,
        3.2435457706451416,
        3.072915554046631,
        3.2687368392944336,
        3.1314635276794434,
        3.1814820766448975,
        3.1409597396850586
      ],
      "fc": [
        5.8109354972839355,
        5.0293755531311035,
        7.019380569458008,
        7.963494777679443,
        5.611806392669678,
        6.406063556671143,
        13.229886054992676,
        5.959911823272705,
        7.245563983917236,
        8.721440315246582,
        7.647745609283447,
        8.284566879272461,
        7.802062034606934,
        7.972309589385986,
        7.883040904998779
      ]
    },
    "bitwidth_history": {
      "epochs": [
        0,
        1,
        2,
        3,
        4,
        5,
        6,
        7,
        8,
        9,
        10,
        11,
        12,
        13,
        14
      ],
      "mean_bits": [
        8.073315620422363,
        8.070344924926758,
        8.066014289855957,
        8.059670448303223,
        8.059233665466309,
        8.058491706848145,
        8.056103706359863,
        8.053762435913086,
        8.053729057312012,
        8.05573844909668,
        8.04951286315918,
        8.048518180847168,
        8.048774719238281,
        8.048882484436035,
        8.047572135925293
      ],
      "min_bits": [
        6.0,
        4.0,
        2.0,
        1.0,
        0.0,
        0.0,
        0.0,
        0.0,
        0.0,
        0.0,
        0.0,
        0.0,
        0.0,
        0.0,
        0.0
      ],
      "pct_le_1": [
        0.0,
        0.0,
        0.0,
        6.503357101392129e-06,
        1.3605707620017745e-05,
        0.00039225511779975686,
        0.0006615454440902967,
        0.0008454364231809768,
        0.0007741562065301921,
        0.0007627753316027558,
        0.0008073575559425624,
        0.0007808307046079366,
        0.000798714936636765,
        0.0007677384199169761,
        0.0008719632745156025
      ],
      "pct_le_2": [
        0.0,
        0.0,
        8.214766864916374e-06,
        2.1050340091348207e-05,
        0.00018722822812955236,
        0.0006813122268590017,
        0.0007909280222127296,
        0.0009079884500377879,
        0.0007851092290167472,
        0.000814887758902069,
        0.0008513407868651355,
        0.0008360236694815934,
        0.0008813760282149859,
        0.0008894196541035499,
        0.0009428156387255064
      ]
    },
    "ebops_history": [
      7836640808,
      7706244200,
      7454512295,
      7155421595,
      7016100564,
      6958575991,
      6803640937,
      6715243777,
      6638695669,
      6660457414,
      6415441884,
      6394937695,
      6401347935,
      6400800490,
      6367395518
    ]
  },
  "num_classes_detected": 20,
  "val_acc_gap_fp32_minus_hgq2": 0.0059999823570251465,
  "findings": [
    "最低位宽降至 0.00 bit，部分通道几乎完全关闭。"
  ]
}