{
  "config": {
    "data_root": "/tmp/imagenet_synth",
    "epochs": 10,
    "batch_size": 32,
    "image_size": 64,
    "expected_classes": 20,
    "strict_classes": true,
    "train_subset": 4000,
    "val_subset": 1000,
    "probe_batch": 64,
    "log_every": 1,
    "lr_fp32": 0.05,
    "wd_fp32": 0.0001,
    "lr_hgq2": 0.03,
    "wd_hgq2": 0.0002,
    "init_bw_k": 2,
    "init_bw_a": 2,
    "beta_max": 0.0005,
    "output_dir": "result/explore_bw2"
  },
  "fp32": {
    "final_train_acc": 0.9992499947547913,
    "final_val_acc": 1.0,
    "final_grad_ratio_first_last": 0.17101805923139654,
    "probe_layers": [
      "stem_conv",
      "s2_b1_conv1",
      "s3_b1_conv1",
      "s4_b1_conv1",
      "fc"
    ],
    "grad_history": {
      "stem_conv": [
        0.8265232443809509,
        2.202239990234375,
        1.0418397188186646,
        1.7930296659469604,
        1.1359699964523315,
        0.9320335984230042,
        0.8130161762237549,
        0.84894198179245,
        0.819521427154541,
        0.8215767741203308
      ],
      "s2_b1_conv1": [
        1.0111336708068848,
        1.0121440887451172,
        0.6642274856567383,
        0.8825237154960632,
        0.8688369393348694,
        0.8305841088294983,
        0.800984263420105,
        0.7308126091957092,
        0.727332592010498,
        0.728043794631958
      ],
      "s3_b1_conv1": [
        1.2076051235198975,
        0.9770969152450562,
        0.8593801856040955,
        1.2259221076965332,
        1.057794213294983,
        0.9862117767333984,
        0.9937114715576172,
        0.9492336511611938,
        0.9477624893188477,
        0.9485466480255127
      ],
      "s4_b1_conv1": [
        1.0710593461990356,
        1.2773483991622925,
        1.178481936454773,
        1.623463749885559,
        1.351851463317871,
        1.3825637102127075,
        1.3852907419204712,
        1.2675790786743164,
        1.2696599960327148,
        1.2728570699691772
      ],
      "fc": [
        6.917402744293213,
        5.618305206298828,
        6.151310920715332,
        8.15334701538086,
        5.975440979003906,
        5.246099472045898,
        5.2449517250061035,
        4.809810161590576,
        4.814828395843506,
        4.804035186767578
      ]
    }
  },
  "hgq2": {
    "final_train_acc": 0.044921875,
    "final_val_acc": 0.05000000074505806,
    "final_ebops": 745552.0,
    "final_grad_ratio_first_last": NaN,
    "final_mean_bits": 3.832641124725342,
    "final_min_bits": 0.0,
    "final_pct_bits_le_1": 0.04290846559107986,
    "final_pct_bits_le_2": 0.04290846559107986,
    "probe_layers": [
      "qstem_conv",
      "s2_b1_conv1",
      "s3_b1_conv1",
      "s4_b1_conv1",
      "fc"
    ],
    "grad_history": {
      "qstem_conv": [
        0.0,
        0.0,
        0.0,
        0.0,
        0.0,
        0.0,
        0.0,
        0.0,
        0.0,
        0.0
      ],
      "s2_b1_conv1": [
        0.0,
        0.0,
        0.0,
        0.0,
        0.0,
        0.0,
        0.0,
        0.0,
        0.0,
        0.0
      ],
      "s3_b1_conv1": [
        0.0,
        0.0,
        0.0,
        0.0,
        0.0,
        0.0,
        0.0,
        0.0,
        0.0,
        0.0
      ],
      "s4_b1_conv1": [
        0.0,
        0.0,
        0.0,
        0.0,
        0.0,
        0.0,
        0.0,
        0.0,
        0.0,
        0.0
      ],
      "fc": [
        0.0,
        0.0,
        0.0,
        0.0,
        0.0,
        0.0,
        0.0,
        0.0,
        0.0,
        0.0
      ]
    },
    "bitwidth_history": {
      "epochs": [
        0,
        1,
        2,
        3,
        4,
        5,
        6,
        7,
        8,
        9
      ],
      "mean_bits": [
        3.9210710525512695,
        3.8368618488311768,
        3.8360581398010254,
        3.8360579013824463,
        3.8345627784729004,
        3.8333723545074463,
        3.8326408863067627,
        3.8326430320739746,
        3.832643985748291,
        3.832641124725342
      ],
      "min_bits": [
        2.0,
        0.0,
        0.0,
        0.0,
        0.0,
        0.0,
        0.0,
        0.0,
        0.0,
        0.0
      ],
      "pct_le_1": [
        0.0,
        0.04210341843831805,
        0.04210341843831805,
        0.04210341843831805,
        0.04210341843831805,
        0.04290846559107986,
        0.04290846559107986,
        0.04290846559107986,
        0.04290846559107986,
        0.04290846559107986
      ],
      "pct_le_2": [
        0.04210341843831805,
        0.04210341843831805,
        0.04210341843831805,
        0.04210341843831805,
        0.04290846559107986,
        0.04290846559107986,
        0.04290846559107986,
        0.04290846559107986,
        0.04290846559107986,
        0.04290846559107986
      ]
    },
    "ebops_history": [
      1162589772,
      329923664,
      247670864,
      247654928,
      151694800,
      63496784,
      745552,
      745552,
      745552,
      745552
    ]
  },
  "num_classes_detected": 20,
  "val_acc_gap_fp32_minus_hgq2": 0.9499999992549419,
  "findings": [
    "HGQ2 val_accuracy 低于 FP32 95.0%，深层量化训练存在显著性能损失。",
    "HGQ2 所有probe层的梯度范数为 0 或 NaN，网络梯度完全消失(dead network)。",
    "4.3% 的量化比特降到 <=1 bit，存在位宽坍缩现象。",
    "最低位宽降至 0.00 bit，部分通道几乎完全关闭。",
    "EBOPs 从 1162589772 骤降到 745552 (仅剩 0.06%)，计算量几乎归零。"
  ]
}