{
  "config": {
    "data_root": "/tmp/imagenet_synth",
    "epochs": 10,
    "batch_size": 32,
    "image_size": 64,
    "expected_classes": 20,
    "strict_classes": true,
    "train_subset": 4000,
    "val_subset": 1000,
    "probe_batch": 64,
    "log_every": 1,
    "lr_fp32": 0.05,
    "wd_fp32": 0.0001,
    "lr_hgq2": 0.03,
    "wd_hgq2": 0.0002,
    "init_bw_k": 6,
    "init_bw_a": 6,
    "beta_max": 0.0005,
    "output_dir": "result/explore_bw6"
  },
  "fp32": {
    "final_train_acc": 1.0,
    "final_val_acc": 1.0,
    "final_grad_ratio_first_last": 0.4525746059687788,
    "probe_layers": [
      "stem_conv",
      "s2_b1_conv1",
      "s3_b1_conv1",
      "s4_b1_conv1",
      "fc"
    ],
    "grad_history": {
      "stem_conv": [
        1.459704041481018,
        3.432443618774414,
        5.0139923095703125,
        4.261904239654541,
        2.408872127532959,
        2.4701571464538574,
        2.592499256134033,
        2.8242788314819336,
        2.869943380355835,
        2.8650007247924805
      ],
      "s2_b1_conv1": [
        0.9748641848564148,
        1.2146421670913696,
        1.5044993162155151,
        2.2211239337921143,
        1.9300682544708252,
        1.928527593612671,
        1.7916755676269531,
        1.856791615486145,
        1.8693288564682007,
        1.8683140277862549
      ],
      "s3_b1_conv1": [
        0.7937475442886353,
        0.9537445306777954,
        1.0208767652511597,
        1.3192486763000488,
        1.2639048099517822,
        1.5032286643981934,
        1.7190589904785156,
        1.9809414148330688,
        2.071962356567383,
        2.0802087783813477
      ],
      "s4_b1_conv1": [
        1.0811409950256348,
        0.9834964275360107,
        1.1136975288391113,
        1.1138114929199219,
        1.3110153675079346,
        1.3802107572555542,
        1.521086573600769,
        1.7159289121627808,
        1.7146962881088257,
        1.7207435369491577
      ],
      "fc": [
        7.971240520477295,
        5.214022636413574,
        5.4182209968566895,
        6.830138206481934,
        6.985747814178467,
        7.088768005371094,
        6.516476154327393,
        6.391358375549316,
        6.32215690612793,
        6.33044958114624
      ]
    }
  },
  "hgq2": {
    "final_train_acc": 0.05029296875,
    "final_val_acc": 0.05000000074505806,
    "final_ebops": 0.0,
    "final_grad_ratio_first_last": NaN,
    "final_mean_bits": NaN,
    "final_min_bits": NaN,
    "final_pct_bits_le_1": 0.0,
    "final_pct_bits_le_2": 0.0,
    "probe_layers": [
      "qstem_conv",
      "s2_b1_conv1",
      "s3_b1_conv1",
      "s4_b1_conv1",
      "fc"
    ],
    "grad_history": {
      "qstem_conv": [
        2.749804973602295,
        2.3635716438293457,
        20.73712921142578,
        1.783705472946167,
        2.204103946685791,
        6.681431293487549,
        39.56558609008789,
        NaN,
        NaN,
        NaN
      ],
      "s2_b1_conv1": [
        0.9609390497207642,
        0.9772194027900696,
        2.104860544204712,
        0.9991862177848816,
        0.6984941959381104,
        1.160479187965393,
        55.87664031982422,
        NaN,
        NaN,
        NaN
      ],
      "s3_b1_conv1": [
        1.129529595375061,
        1.5072680711746216,
        3.195664882659912,
        1.831919550895691,
        1.6964482069015503,
        3.0014162063598633,
        135.3838348388672,
        NaN,
        NaN,
        NaN
      ],
      "s4_b1_conv1": [
        1.4720669984817505,
        1.154645562171936,
        2.301820993423462,
        1.6331777572631836,
        2.0036394596099854,
        3.223048448562622,
        130.14051818847656,
        NaN,
        NaN,
        NaN
      ],
      "fc": [
        8.12838077545166,
        4.686604976654053,
        10.504881858825684,
        9.77768325805664,
        9.39468002319336,
        9.796125411987305,
        8.161161422729492,
        NaN,
        NaN,
        NaN
      ]
    },
    "bitwidth_history": {
      "epochs": [
        0,
        1,
        2,
        3,
        4,
        5,
        6,
        7,
        8,
        9
      ],
      "mean_bits": [
        8.08519172668457,
        8.080537796020508,
        8.077292442321777,
        8.064199447631836,
        8.056730270385742,
        8.032694816589355,
        8.030611991882324,
        NaN,
        NaN,
        NaN
      ],
      "min_bits": [
        6.0,
        3.0,
        2.0,
        0.0,
        0.0,
        0.0,
        0.0,
        NaN,
        NaN,
        NaN
      ],
      "pct_le_1": [
        0.0,
        0.0,
        0.0,
        8.984901258502284e-06,
        0.00023908394396433697,
        0.0010663794236519567,
        0.0026686012442633544,
        0.0,
        0.0,
        0.0
      ],
      "pct_le_2": [
        0.0,
        0.0,
        4.0218129442819744e-06,
        0.00017695976954840688,
        0.0007704766755386149,
        0.0016376480027163495,
        0.0034828044392600137,
        0.0,
        0.0,
        0.0
      ]
    },
    "ebops_history": [
      7692649919,
      7355722128,
      6948144565,
      6173262915,
      5331336449,
      3816736797,
      2685256948,
      0,
      0,
      0
    ]
  },
  "num_classes_detected": 20,
  "val_acc_gap_fp32_minus_hgq2": 0.9499999992549419,
  "findings": [
    "HGQ2 val_accuracy 低于 FP32 95.0%，深层量化训练存在显著性能损失。",
    "HGQ2 所有probe层的梯度范数为 0 或 NaN，网络梯度完全消失(dead network)。",
    "EBOPs 从 7692649919 骤降到 0 (仅剩 0.00%)，计算量几乎归零。"
  ]
}